{"cameraMode":{"drawMode":0,"name":"Shaded","section":"Shading Mode"},"sceneLighting":false,"audioPlay":false,"sceneViewState":{"showFog":true,"showMaterialUpdate":false,"showSkybox":false,"showFlares":true,"showImageEffects":true,"showParticleSystems":true},"in2DMode":false,"pivot":{"x":64.45851135253906,"y":-2.0308308601379396,"z":2.927783250808716},"rotation":{"x":-0.056009866297245029,"y":-0.7927929162979126,"z":0.6024472117424011,"w":-0.0737123191356659},"size":16.0677547454834,"orthographic":false}