{"cameraMode":{"drawMode":0,"name":"Shaded","section":"Shading Mode"},"sceneLighting":false,"audioPlay":false,"sceneViewState":{"showFog":true,"showMaterialUpdate":true,"showSkybox":false,"showFlares":true,"showImageEffects":true,"showParticleSystems":true},"in2DMode":false,"pivot":{"x":63.7323112487793,"y":8.65999984741211,"z":6.684779167175293},"rotation":{"x":-0.22353896498680116,"y":0.6692979335784912,"z":-0.22193820774555207,"w":-0.6731743812561035},"size":5.639494895935059,"orthographic":true}